 [
    {
        "nameFlag":"Angola",
        "imageFlag": "/imgs/flags/ao.png",
        "imageShiny": "/imgs/shiny/ao.png"
    },
    {
        "nameFlag": "Argentina",
        "imageFlag": "/imgs/flags/ar.png",
        "imageShiny": "/imgs/shiny/ar.png"
        
    },
    {
        "nameFlag": "Bosnia e Herzegovina",
        "imageFlag": "/imgs/flags/ba.png",
        "imageShiny": "/imgs/shiny/ba.png"
    },
    {
        "nameFlag": "Brasil",
        "imageFlag": "/imgs/flags/br.png",
        "imageShiny": "/imgs/shiny/br.png"
    },
    {
        "nameFlag": "Canadá",
        "imageFlag": "/imgs/flags/ca.png",
        "imageShiny": "/imgs/shiny/ca.png"
    },
    {
        "nameFlag": "China",
        "imageFlag": "/imgs/flags/cn.png",
        "imageShiny":"/imgs/shiny/cn.png"
    },
    {
        "nameFlag": "Chile",
        "imageFlag": "/imgs/flags/cl.png",
        "imageShiny": "/imgs/shiny/cl.png"
    },
    {
        "nameFlag": "Colombia",
        "imageFlag": "/imgs/flags/co.png",
        "imageShiny": "/imgs/shiny/co.png"
    },
    {
        "nameFlag": "Costa Rica",
        "imageFlag": "/imgs/flags/cr.png",
        "imageShiny": "/imgs/shiny/cr.png"
    },
    {
        "nameFlag": "Cuba",
        "imageFlag": "/imgs/flags/cu.png",
        "imageShiny":"/imgs/shiny/cu.png"
    },
    {
        "nameFlag": "República Tcheca",
        "imageFlag": "/imgs/flags/cz.png",
        "imageShiny": "/imgs/shiny/cz.png"
    },
    {
        "nameFlag": "Alemanha",
        "imageFlag": "/imgs/flags/de.png",
        "imageShiny": "/imgs/shiny/de.png"
    },
    {
        "nameFlag": "França",
        "imageFlag": "/imgs/flags/fr.png",
        "imageShiny": "/imgs/shiny/fr.png"
    },
    {
        "nameFlag": "Reino Unido",
        "imageFlag": "/imgs/flags/gb.png",
        "imageShiny": "/imgs/shiny/gb.png"
    },
    {
        "nameFlag": "Jamaica",
        "imageFlag": "/imgs/flags/jm.png",
        "imageShiny": "/imgs/shiny/jm.png"
    },
    {
        "nameFlag": "Japão",
        "imageFlag": "/imgs/flags/jp.png",
        "imageShiny": "/imgs/shiny/jp.png"
    },
    {
        "nameFlag": "Portugal",
        "imageFlag": "/imgs/flags/pt.png",
        "imageShiny": "/imgs/shiny/pt.png"
    },
    {
        "nameFlag": "Rússia",
        "imageFlag": "/imgs/flags/ru.png",
        "imageShiny": "/imgs/shiny/ru.png"
    },
    {
        "nameFlag": "Estados Unidos",
        "imageFlag": "/imgs/flags/us.png",
        "imageShiny": "/imgs/shiny/us.png"
    },
    {
        "nameFlag":" Uruguai",
        "imageFlag": "/imgs/flags/uy.png",
        "imageShiny": "/imgs/shiny/uy.png"
    }
]